run_id,primary_event,secondary_event,final_status,revisions_count,total_time_sec,llm_token_count,final_json
001,TOTAL_CLOSURE,,INFEASIBLE,0,7.9044,0,"{""error"": ""Recursion limit of 10 reached without hitting a stop condition. You can increase the limit by setting the `recursion_limit` config key.\nFor troubleshooting, visit: https://docs.langchain.com/oss/python/langgraph/errors/GRAPH_RECURSION_LIMIT""}"
002,OPERATIONAL_RESTRICTION,,INFEASIBLE,0,7.4740,0,"{""error"": ""Recursion limit of 10 reached without hitting a stop condition. You can increase the limit by setting the `recursion_limit` config key.\nFor troubleshooting, visit: https://docs.langchain.com/oss/python/langgraph/errors/GRAPH_RECURSION_LIMIT""}"
003,TOTAL_CLOSURE,TOTAL_CLOSURE,INFEASIBLE,0,5.9284,0,"{""error"": ""Recursion limit of 10 reached without hitting a stop condition. You can increase the limit by setting the `recursion_limit` config key.\nFor troubleshooting, visit: https://docs.langchain.com/oss/python/langgraph/errors/GRAPH_RECURSION_LIMIT""}"
004,OPERATIONAL_RESTRICTION,,INFEASIBLE,0,6.3108,0,"{""error"": ""Recursion limit of 10 reached without hitting a stop condition. You can increase the limit by setting the `recursion_limit` config key.\nFor troubleshooting, visit: https://docs.langchain.com/oss/python/langgraph/errors/GRAPH_RECURSION_LIMIT""}"
005,OPERATIONAL_RESTRICTION,TOTAL_CLOSURE,INFEASIBLE,0,6.0358,0,"{""error"": ""Recursion limit of 10 reached without hitting a stop condition. You can increase the limit by setting the `recursion_limit` config key.\nFor troubleshooting, visit: https://docs.langchain.com/oss/python/langgraph/errors/GRAPH_RECURSION_LIMIT""}"
006,TOTAL_CLOSURE,TOTAL_CLOSURE,INFEASIBLE,0,7.1310,0,"{""error"": ""Recursion limit of 10 reached without hitting a stop condition. You can increase the limit by setting the `recursion_limit` config key.\nFor troubleshooting, visit: https://docs.langchain.com/oss/python/langgraph/errors/GRAPH_RECURSION_LIMIT""}"
007,SEVERE_CONGESTION,,INFEASIBLE,0,7.4892,0,"{""error"": ""Recursion limit of 10 reached without hitting a stop condition. You can increase the limit by setting the `recursion_limit` config key.\nFor troubleshooting, visit: https://docs.langchain.com/oss/python/langgraph/errors/GRAPH_RECURSION_LIMIT""}"
008,SEVERE_CONGESTION,OPERATIONAL_RESTRICTION,INFEASIBLE,0,6.8552,0,"{""error"": ""Recursion limit of 10 reached without hitting a stop condition. You can increase the limit by setting the `recursion_limit` config key.\nFor troubleshooting, visit: https://docs.langchain.com/oss/python/langgraph/errors/GRAPH_RECURSION_LIMIT""}"
009,OPERATIONAL_RESTRICTION,TOTAL_CLOSURE,INFEASIBLE,0,6.6458,0,"{""error"": ""Recursion limit of 10 reached without hitting a stop condition. You can increase the limit by setting the `recursion_limit` config key.\nFor troubleshooting, visit: https://docs.langchain.com/oss/python/langgraph/errors/GRAPH_RECURSION_LIMIT""}"
010,TOTAL_CLOSURE,,INFEASIBLE,0,6.1913,0,"{""error"": ""Recursion limit of 10 reached without hitting a stop condition. You can increase the limit by setting the `recursion_limit` config key.\nFor troubleshooting, visit: https://docs.langchain.com/oss/python/langgraph/errors/GRAPH_RECURSION_LIMIT""}"
001,TOTAL_CLOSURE,,ERROR_RECURSION,4,8.1644,0,"{""error"": ""Recursion limit of 10 reached without hitting a stop condition. You can increase the limit by setting the `recursion_limit` config key.\nFor troubleshooting, visit: https://docs.langchain.com/oss/python/langgraph/errors/GRAPH_RECURSION_LIMIT"", ""error_type"": ""ERROR_RECURSION"", ""latest_solver_error_log"": ""SOLVER FAILED: INFEASIBLE\nConflict detected in Capacity Constraint for port FRLEH.\nAttempted Allocation: 46905 TEU.\nMaximum Available Capacity: 0 TEU.\nDifference: -46905 TEU."", ""solver_status"": ""INFEASIBLE""}"
002,OPERATIONAL_RESTRICTION,,ERROR_RECURSION,4,6.5854,0,"{""error"": ""Recursion limit of 10 reached without hitting a stop condition. You can increase the limit by setting the `recursion_limit` config key.\nFor troubleshooting, visit: https://docs.langchain.com/oss/python/langgraph/errors/GRAPH_RECURSION_LIMIT"", ""error_type"": ""ERROR_RECURSION"", ""latest_solver_error_log"": ""SOLVER FAILED: INFEASIBLE\nConflict detected in Capacity Constraint for port FRLEH.\nAttempted Allocation: 7072 TEU.\nMaximum Available Capacity: 0 TEU.\nDifference: -7072 TEU.\nConflict detected in Capacity Constraint for port GBSOU.\nAttempted Allocation: 7072 TEU.\nMaximum Available Capacity: 0 TEU.\nDifference: -7072 TEU."", ""solver_status"": ""INFEASIBLE""}"
001,TOTAL_CLOSURE,,ERROR_RECURSION,4,7.7447,0,"{""error"": ""Recursion limit of 10 reached without hitting a stop condition. You can increase the limit by setting the `recursion_limit` config key.\nFor troubleshooting, visit: https://docs.langchain.com/oss/python/langgraph/errors/GRAPH_RECURSION_LIMIT"", ""error_type"": ""ERROR_RECURSION"", ""latest_solver_error_log"": ""SOLVER FAILED: INFEASIBLE\nConflict detected in Capacity Constraint for port FRLEH.\nAttempted Allocation: 46905 TEU.\nMaximum Available Capacity: 0 TEU.\nDifference: -46905 TEU."", ""solver_status"": ""INFEASIBLE""}"
002,OPERATIONAL_RESTRICTION,,ERROR_RECURSION,4,6.7449,0,"{""error"": ""Recursion limit of 10 reached without hitting a stop condition. You can increase the limit by setting the `recursion_limit` config key.\nFor troubleshooting, visit: https://docs.langchain.com/oss/python/langgraph/errors/GRAPH_RECURSION_LIMIT"", ""error_type"": ""ERROR_RECURSION"", ""latest_solver_error_log"": ""SOLVER FAILED: INFEASIBLE\nConflict detected in Capacity Constraint for port FRLEH.\nAttempted Allocation: 7072 TEU.\nMaximum Available Capacity: 0 TEU.\nDifference: -7072 TEU.\nConflict detected in Capacity Constraint for port GBSOU.\nAttempted Allocation: 7072 TEU.\nMaximum Available Capacity: 0 TEU.\nDifference: -7072 TEU."", ""solver_status"": ""INFEASIBLE""}"
001,TOTAL_CLOSURE,,ERROR_RECURSION,4,9.1231,0,"{""error"": ""Recursion limit of 10 reached without hitting a stop condition. You can increase the limit by setting the `recursion_limit` config key.\nFor troubleshooting, visit: https://docs.langchain.com/oss/python/langgraph/errors/GRAPH_RECURSION_LIMIT"", ""error_type"": ""ERROR_RECURSION"", ""latest_solver_error_log"": ""SOLVER FAILED: INFEASIBLE\nConflict detected in Capacity Constraint for port DEBRV.\nAttempted Allocation: 46905 TEU.\nMaximum Available Capacity: 0 TEU.\nDifference: -46905 TEU."", ""solver_status"": ""INFEASIBLE""}"
002,OPERATIONAL_RESTRICTION,,ERROR_RECURSION,4,6.2154,0,"{""error"": ""Recursion limit of 10 reached without hitting a stop condition. You can increase the limit by setting the `recursion_limit` config key.\nFor troubleshooting, visit: https://docs.langchain.com/oss/python/langgraph/errors/GRAPH_RECURSION_LIMIT"", ""error_type"": ""ERROR_RECURSION"", ""latest_solver_error_log"": ""SOLVER FAILED: INFEASIBLE\nConflict detected in Capacity Constraint for port DEBRV.\nAttempted Allocation: 14144 TEU.\nMaximum Available Capacity: 0 TEU.\nDifference: -14144 TEU."", ""solver_status"": ""INFEASIBLE""}"
003,TOTAL_CLOSURE,TOTAL_CLOSURE,ERROR_RECURSION,4,7.9446,0,"{""error"": ""Recursion limit of 10 reached without hitting a stop condition. You can increase the limit by setting the `recursion_limit` config key.\nFor troubleshooting, visit: https://docs.langchain.com/oss/python/langgraph/errors/GRAPH_RECURSION_LIMIT"", ""error_type"": ""ERROR_RECURSION"", ""latest_solver_error_log"": ""SOLVER FAILED: INFEASIBLE\nConflict detected in Capacity Constraint for port DEHAM.\nAttempted Allocation: 43698 TEU.\nMaximum Available Capacity: 0 TEU.\nDifference: -43698 TEU."", ""solver_status"": ""INFEASIBLE""}"
004,OPERATIONAL_RESTRICTION,,ERROR_RECURSION,4,6.5418,0,"{""error"": ""Recursion limit of 10 reached without hitting a stop condition. You can increase the limit by setting the `recursion_limit` config key.\nFor troubleshooting, visit: https://docs.langchain.com/oss/python/langgraph/errors/GRAPH_RECURSION_LIMIT"", ""error_type"": ""ERROR_RECURSION"", ""latest_solver_error_log"": ""SOLVER FAILED: INFEASIBLE\nConflict detected in Capacity Constraint for port DEBRV.\nAttempted Allocation: 6739 TEU.\nMaximum Available Capacity: 0 TEU.\nDifference: -6739 TEU."", ""solver_status"": ""INFEASIBLE""}"
005,OPERATIONAL_RESTRICTION,TOTAL_CLOSURE,ERROR_RECURSION,4,6.2607,0,"{""error"": ""Recursion limit of 10 reached without hitting a stop condition. You can increase the limit by setting the `recursion_limit` config key.\nFor troubleshooting, visit: https://docs.langchain.com/oss/python/langgraph/errors/GRAPH_RECURSION_LIMIT"", ""error_type"": ""ERROR_RECURSION"", ""latest_solver_error_log"": ""SOLVER FAILED: INFEASIBLE\nConflict detected in Capacity Constraint for port DEHAM.\nAttempted Allocation: 19446 TEU.\nMaximum Available Capacity: 0 TEU.\nDifference: -19446 TEU."", ""solver_status"": ""INFEASIBLE""}"
006,TOTAL_CLOSURE,TOTAL_CLOSURE,ERROR_RECURSION,4,6.5547,0,"{""error"": ""Recursion limit of 10 reached without hitting a stop condition. You can increase the limit by setting the `recursion_limit` config key.\nFor troubleshooting, visit: https://docs.langchain.com/oss/python/langgraph/errors/GRAPH_RECURSION_LIMIT"", ""error_type"": ""ERROR_RECURSION"", ""latest_solver_error_log"": ""SOLVER FAILED: INFEASIBLE\nConflict detected in Capacity Constraint for port NLRTM.\nAttempted Allocation: 9099 TEU.\nMaximum Available Capacity: 0 TEU.\nDifference: -9099 TEU.\nConflict detected in Capacity Constraint for port BEANR.\nAttempted Allocation: 9100 TEU.\nMaximum Available Capacity: 0 TEU.\nDifference: -9100 TEU.\nConflict detected in Capacity Constraint for port DEBRV.\nAttempted Allocation: 9099 TEU.\nMaximum Available Capacity: 0 TEU.\nDifference: -9099 TEU."", ""solver_status"": ""INFEASIBLE""}"
007,SEVERE_CONGESTION,,ERROR_RECURSION,4,6.2508,0,"{""error"": ""Recursion limit of 10 reached without hitting a stop condition. You can increase the limit by setting the `recursion_limit` config key.\nFor troubleshooting, visit: https://docs.langchain.com/oss/python/langgraph/errors/GRAPH_RECURSION_LIMIT"", ""error_type"": ""ERROR_RECURSION"", ""latest_solver_error_log"": ""SOLVER ERROR: Port DEWVN is not recognized in the current network topology. Allowed ports are: NLRTM, BEANR, DEHAM, DEBRV."", ""solver_status"": ""INFEASIBLE""}"
008,SEVERE_CONGESTION,OPERATIONAL_RESTRICTION,ERROR_RECURSION,4,9.9854,0,"{""error"": ""Recursion limit of 10 reached without hitting a stop condition. You can increase the limit by setting the `recursion_limit` config key.\nFor troubleshooting, visit: https://docs.langchain.com/oss/python/langgraph/errors/GRAPH_RECURSION_LIMIT"", ""error_type"": ""ERROR_RECURSION"", ""latest_solver_error_log"": ""SOLVER FAILED: INFEASIBLE\nConflict detected in Capacity Constraint for port DEHAM.\nAttempted Allocation: 35108 TEU.\nMaximum Available Capacity: 0 TEU.\nDifference: -35108 TEU."", ""solver_status"": ""INFEASIBLE""}"
009,OPERATIONAL_RESTRICTION,TOTAL_CLOSURE,ERROR_RECURSION,4,8.4629,0,"{""error"": ""Recursion limit of 10 reached without hitting a stop condition. You can increase the limit by setting the `recursion_limit` config key.\nFor troubleshooting, visit: https://docs.langchain.com/oss/python/langgraph/errors/GRAPH_RECURSION_LIMIT"", ""error_type"": ""ERROR_RECURSION"", ""latest_solver_error_log"": ""SOLVER FAILED: INFEASIBLE\nConflict detected in Capacity Constraint for port NLRTM.\nAttempted Allocation: 14350 TEU.\nMaximum Available Capacity: 0 TEU.\nDifference: -14350 TEU.\nConflict detected in Capacity Constraint for port BEANR.\nAttempted Allocation: 14350 TEU.\nMaximum Available Capacity: 0 TEU.\nDifference: -14350 TEU."", ""solver_status"": ""INFEASIBLE""}"
010,TOTAL_CLOSURE,,ERROR_RECURSION,4,7.5260,0,"{""error"": ""Recursion limit of 10 reached without hitting a stop condition. You can increase the limit by setting the `recursion_limit` config key.\nFor troubleshooting, visit: https://docs.langchain.com/oss/python/langgraph/errors/GRAPH_RECURSION_LIMIT"", ""error_type"": ""ERROR_RECURSION"", ""latest_solver_error_log"": ""SOLVER FAILED: INFEASIBLE\nConflict detected in Capacity Constraint for port NLRTM.\nAttempted Allocation: 5115 TEU.\nMaximum Available Capacity: 0 TEU.\nDifference: -5115 TEU.\nConflict detected in Capacity Constraint for port DEHAM.\nAttempted Allocation: 5114 TEU.\nMaximum Available Capacity: 0 TEU.\nDifference: -5114 TEU."", ""solver_status"": ""INFEASIBLE""}"
001,TOTAL_CLOSURE,,ERROR_RECURSION,4,7.6466,0,"{""error"": ""Recursion limit of 10 reached without hitting a stop condition. You can increase the limit by setting the `recursion_limit` config key.\nFor troubleshooting, visit: https://docs.langchain.com/oss/python/langgraph/errors/GRAPH_RECURSION_LIMIT"", ""error_type"": ""ERROR_RECURSION"", ""latest_solver_error_log"": ""SOLVER FAILED: INFEASIBLE\nConflict detected in Capacity Constraint for port DEBRV.\nAttempted Allocation: 46905 TEU.\nMaximum Available Capacity: 0 TEU.\nDifference: -46905 TEU."", ""solver_status"": ""INFEASIBLE""}"
002,OPERATIONAL_RESTRICTION,,ERROR_RECURSION,4,6.2141,0,"{""error"": ""Recursion limit of 10 reached without hitting a stop condition. You can increase the limit by setting the `recursion_limit` config key.\nFor troubleshooting, visit: https://docs.langchain.com/oss/python/langgraph/errors/GRAPH_RECURSION_LIMIT"", ""error_type"": ""ERROR_RECURSION"", ""latest_solver_error_log"": ""SOLVER FAILED: INFEASIBLE\nConflict detected in Capacity Constraint for port DEBRV.\nAttempted Allocation: 14144 TEU.\nMaximum Available Capacity: 0 TEU.\nDifference: -14144 TEU."", ""solver_status"": ""INFEASIBLE""}"
003,TOTAL_CLOSURE,TOTAL_CLOSURE,ERROR_RECURSION,4,10.4720,0,"{""error"": ""Recursion limit of 10 reached without hitting a stop condition. You can increase the limit by setting the `recursion_limit` config key.\nFor troubleshooting, visit: https://docs.langchain.com/oss/python/langgraph/errors/GRAPH_RECURSION_LIMIT"", ""error_type"": ""ERROR_RECURSION"", ""latest_solver_error_log"": ""SOLVER FAILED: INFEASIBLE\nConflict detected in Capacity Constraint for port DEHAM.\nAttempted Allocation: 43698 TEU.\nMaximum Available Capacity: 0 TEU.\nDifference: -43698 TEU."", ""solver_status"": ""INFEASIBLE""}"
004,OPERATIONAL_RESTRICTION,,ERROR_RECURSION,4,6.8818,0,"{""error"": ""Recursion limit of 10 reached without hitting a stop condition. You can increase the limit by setting the `recursion_limit` config key.\nFor troubleshooting, visit: https://docs.langchain.com/oss/python/langgraph/errors/GRAPH_RECURSION_LIMIT"", ""error_type"": ""ERROR_RECURSION"", ""latest_solver_error_log"": ""SOLVER FAILED: INFEASIBLE\nConflict detected in Capacity Constraint for port DEBRV.\nAttempted Allocation: 6739 TEU.\nMaximum Available Capacity: 0 TEU.\nDifference: -6739 TEU."", ""solver_status"": ""INFEASIBLE""}"
005,OPERATIONAL_RESTRICTION,TOTAL_CLOSURE,ERROR_RECURSION,4,6.7918,0,"{""error"": ""Recursion limit of 10 reached without hitting a stop condition. You can increase the limit by setting the `recursion_limit` config key.\nFor troubleshooting, visit: https://docs.langchain.com/oss/python/langgraph/errors/GRAPH_RECURSION_LIMIT"", ""error_type"": ""ERROR_RECURSION"", ""latest_solver_error_log"": ""SOLVER FAILED: INFEASIBLE\nConflict detected in Capacity Constraint for port DEHAM.\nAttempted Allocation: 19446 TEU.\nMaximum Available Capacity: 0 TEU.\nDifference: -19446 TEU."", ""solver_status"": ""INFEASIBLE""}"
006,TOTAL_CLOSURE,TOTAL_CLOSURE,ERROR_RECURSION,4,6.4468,0,"{""error"": ""Recursion limit of 10 reached without hitting a stop condition. You can increase the limit by setting the `recursion_limit` config key.\nFor troubleshooting, visit: https://docs.langchain.com/oss/python/langgraph/errors/GRAPH_RECURSION_LIMIT"", ""error_type"": ""ERROR_RECURSION"", ""latest_solver_error_log"": ""SOLVER FAILED: INFEASIBLE\nConflict detected in Capacity Constraint for port NLRTM.\nAttempted Allocation: 9099 TEU.\nMaximum Available Capacity: 0 TEU.\nDifference: -9099 TEU.\nConflict detected in Capacity Constraint for port BEANR.\nAttempted Allocation: 9100 TEU.\nMaximum Available Capacity: 0 TEU.\nDifference: -9100 TEU.\nConflict detected in Capacity Constraint for port DEBRV.\nAttempted Allocation: 9099 TEU.\nMaximum Available Capacity: 0 TEU.\nDifference: -9099 TEU."", ""solver_status"": ""INFEASIBLE""}"
007,SEVERE_CONGESTION,,ERROR_RECURSION,4,6.2806,0,"{""error"": ""Recursion limit of 10 reached without hitting a stop condition. You can increase the limit by setting the `recursion_limit` config key.\nFor troubleshooting, visit: https://docs.langchain.com/oss/python/langgraph/errors/GRAPH_RECURSION_LIMIT"", ""error_type"": ""ERROR_RECURSION"", ""latest_solver_error_log"": ""SOLVER ERROR: Port DEWVN is not recognized in the current network topology. Allowed ports are: NLRTM, BEANR, DEHAM, DEBRV."", ""solver_status"": ""INFEASIBLE""}"
008,SEVERE_CONGESTION,OPERATIONAL_RESTRICTION,ERROR_RECURSION,4,7.3368,0,"{""error"": ""Recursion limit of 10 reached without hitting a stop condition. You can increase the limit by setting the `recursion_limit` config key.\nFor troubleshooting, visit: https://docs.langchain.com/oss/python/langgraph/errors/GRAPH_RECURSION_LIMIT"", ""error_type"": ""ERROR_RECURSION"", ""latest_solver_error_log"": ""SOLVER FAILED: INFEASIBLE\nConflict detected in Capacity Constraint for port DEHAM.\nAttempted Allocation: 35108 TEU.\nMaximum Available Capacity: 0 TEU.\nDifference: -35108 TEU."", ""solver_status"": ""INFEASIBLE""}"
009,OPERATIONAL_RESTRICTION,TOTAL_CLOSURE,ERROR_RECURSION,4,5.9670,0,"{""error"": ""Recursion limit of 10 reached without hitting a stop condition. You can increase the limit by setting the `recursion_limit` config key.\nFor troubleshooting, visit: https://docs.langchain.com/oss/python/langgraph/errors/GRAPH_RECURSION_LIMIT"", ""error_type"": ""ERROR_RECURSION"", ""latest_solver_error_log"": ""SOLVER FAILED: INFEASIBLE\nConflict detected in Capacity Constraint for port NLRTM.\nAttempted Allocation: 14350 TEU.\nMaximum Available Capacity: 0 TEU.\nDifference: -14350 TEU.\nConflict detected in Capacity Constraint for port BEANR.\nAttempted Allocation: 14350 TEU.\nMaximum Available Capacity: 0 TEU.\nDifference: -14350 TEU."", ""solver_status"": ""INFEASIBLE""}"
010,TOTAL_CLOSURE,,ERROR_RECURSION,4,6.5289,0,"{""error"": ""Recursion limit of 10 reached without hitting a stop condition. You can increase the limit by setting the `recursion_limit` config key.\nFor troubleshooting, visit: https://docs.langchain.com/oss/python/langgraph/errors/GRAPH_RECURSION_LIMIT"", ""error_type"": ""ERROR_RECURSION"", ""latest_solver_error_log"": ""SOLVER FAILED: INFEASIBLE\nConflict detected in Capacity Constraint for port NLRTM.\nAttempted Allocation: 5115 TEU.\nMaximum Available Capacity: 0 TEU.\nDifference: -5115 TEU.\nConflict detected in Capacity Constraint for port DEHAM.\nAttempted Allocation: 5114 TEU.\nMaximum Available Capacity: 0 TEU.\nDifference: -5114 TEU."", ""solver_status"": ""INFEASIBLE""}"
001,TOTAL_CLOSURE,,ERROR_RECURSION,4,9.0680,0,"{""error"": ""Recursion limit of 10 reached without hitting a stop condition. You can increase the limit by setting the `recursion_limit` config key.\nFor troubleshooting, visit: https://docs.langchain.com/oss/python/langgraph/errors/GRAPH_RECURSION_LIMIT"", ""error_type"": ""ERROR_RECURSION"", ""latest_solver_error_log"": ""SOLVER FAILED: INFEASIBLE\nConflict detected in Capacity Constraint for port DEBRV.\nAttempted Allocation: 46905 TEU.\nMaximum Available Capacity: 0 TEU.\nDifference: -46905 TEU."", ""solver_status"": ""INFEASIBLE""}"
002,OPERATIONAL_RESTRICTION,,ERROR_RECURSION,4,6.1140,0,"{""error"": ""Recursion limit of 10 reached without hitting a stop condition. You can increase the limit by setting the `recursion_limit` config key.\nFor troubleshooting, visit: https://docs.langchain.com/oss/python/langgraph/errors/GRAPH_RECURSION_LIMIT"", ""error_type"": ""ERROR_RECURSION"", ""latest_solver_error_log"": ""SOLVER FAILED: INFEASIBLE\nConflict detected in Capacity Constraint for port DEBRV.\nAttempted Allocation: 14144 TEU.\nMaximum Available Capacity: 0 TEU.\nDifference: -14144 TEU."", ""solver_status"": ""INFEASIBLE""}"
003,TOTAL_CLOSURE,TOTAL_CLOSURE,ERROR_RECURSION,4,9.3897,0,"{""error"": ""Recursion limit of 10 reached without hitting a stop condition. You can increase the limit by setting the `recursion_limit` config key.\nFor troubleshooting, visit: https://docs.langchain.com/oss/python/langgraph/errors/GRAPH_RECURSION_LIMIT"", ""error_type"": ""ERROR_RECURSION"", ""latest_solver_error_log"": ""SOLVER FAILED: INFEASIBLE\nConflict detected in Capacity Constraint for port DEHAM.\nAttempted Allocation: 43698 TEU.\nMaximum Available Capacity: 0 TEU.\nDifference: -43698 TEU."", ""solver_status"": ""INFEASIBLE""}"
004,OPERATIONAL_RESTRICTION,,ERROR_RECURSION,4,7.3346,0,"{""error"": ""Recursion limit of 10 reached without hitting a stop condition. You can increase the limit by setting the `recursion_limit` config key.\nFor troubleshooting, visit: https://docs.langchain.com/oss/python/langgraph/errors/GRAPH_RECURSION_LIMIT"", ""error_type"": ""ERROR_RECURSION"", ""latest_solver_error_log"": ""SOLVER FAILED: INFEASIBLE\nConflict detected in Capacity Constraint for port DEBRV.\nAttempted Allocation: 6739 TEU.\nMaximum Available Capacity: 0 TEU.\nDifference: -6739 TEU."", ""solver_status"": ""INFEASIBLE""}"
005,OPERATIONAL_RESTRICTION,TOTAL_CLOSURE,ERROR_RECURSION,4,6.3416,0,"{""error"": ""Recursion limit of 10 reached without hitting a stop condition. You can increase the limit by setting the `recursion_limit` config key.\nFor troubleshooting, visit: https://docs.langchain.com/oss/python/langgraph/errors/GRAPH_RECURSION_LIMIT"", ""error_type"": ""ERROR_RECURSION"", ""latest_solver_error_log"": ""SOLVER FAILED: INFEASIBLE\nConflict detected in Capacity Constraint for port DEHAM.\nAttempted Allocation: 19446 TEU.\nMaximum Available Capacity: 0 TEU.\nDifference: -19446 TEU."", ""solver_status"": ""INFEASIBLE""}"
006,TOTAL_CLOSURE,TOTAL_CLOSURE,ERROR_RECURSION,4,6.1919,0,"{""error"": ""Recursion limit of 10 reached without hitting a stop condition. You can increase the limit by setting the `recursion_limit` config key.\nFor troubleshooting, visit: https://docs.langchain.com/oss/python/langgraph/errors/GRAPH_RECURSION_LIMIT"", ""error_type"": ""ERROR_RECURSION"", ""latest_solver_error_log"": ""SOLVER FAILED: INFEASIBLE\nConflict detected in Capacity Constraint for port NLRTM.\nAttempted Allocation: 9099 TEU.\nMaximum Available Capacity: 0 TEU.\nDifference: -9099 TEU.\nConflict detected in Capacity Constraint for port BEANR.\nAttempted Allocation: 9100 TEU.\nMaximum Available Capacity: 0 TEU.\nDifference: -9100 TEU.\nConflict detected in Capacity Constraint for port DEBRV.\nAttempted Allocation: 9099 TEU.\nMaximum Available Capacity: 0 TEU.\nDifference: -9099 TEU."", ""solver_status"": ""INFEASIBLE""}"
007,SEVERE_CONGESTION,,ERROR_RECURSION,4,6.5754,0,"{""error"": ""Recursion limit of 10 reached without hitting a stop condition. You can increase the limit by setting the `recursion_limit` config key.\nFor troubleshooting, visit: https://docs.langchain.com/oss/python/langgraph/errors/GRAPH_RECURSION_LIMIT"", ""error_type"": ""ERROR_RECURSION"", ""latest_solver_error_log"": ""SOLVER ERROR: Port DEWVN is not recognized in the current network topology. Allowed ports are: NLRTM, BEANR, DEHAM, DEBRV."", ""solver_status"": ""INFEASIBLE""}"
008,SEVERE_CONGESTION,OPERATIONAL_RESTRICTION,ERROR_RECURSION,4,6.6288,0,"{""error"": ""Recursion limit of 10 reached without hitting a stop condition. You can increase the limit by setting the `recursion_limit` config key.\nFor troubleshooting, visit: https://docs.langchain.com/oss/python/langgraph/errors/GRAPH_RECURSION_LIMIT"", ""error_type"": ""ERROR_RECURSION"", ""latest_solver_error_log"": ""SOLVER FAILED: INFEASIBLE\nConflict detected in Capacity Constraint for port DEHAM.\nAttempted Allocation: 35108 TEU.\nMaximum Available Capacity: 0 TEU.\nDifference: -35108 TEU."", ""solver_status"": ""INFEASIBLE""}"
009,OPERATIONAL_RESTRICTION,TOTAL_CLOSURE,ERROR_RECURSION,4,6.2555,0,"{""error"": ""Recursion limit of 10 reached without hitting a stop condition. You can increase the limit by setting the `recursion_limit` config key.\nFor troubleshooting, visit: https://docs.langchain.com/oss/python/langgraph/errors/GRAPH_RECURSION_LIMIT"", ""error_type"": ""ERROR_RECURSION"", ""latest_solver_error_log"": ""SOLVER FAILED: INFEASIBLE\nConflict detected in Capacity Constraint for port NLRTM.\nAttempted Allocation: 14350 TEU.\nMaximum Available Capacity: 0 TEU.\nDifference: -14350 TEU.\nConflict detected in Capacity Constraint for port BEANR.\nAttempted Allocation: 14350 TEU.\nMaximum Available Capacity: 0 TEU.\nDifference: -14350 TEU."", ""solver_status"": ""INFEASIBLE""}"
010,TOTAL_CLOSURE,,ERROR_RECURSION,4,7.7796,0,"{""error"": ""Recursion limit of 10 reached without hitting a stop condition. You can increase the limit by setting the `recursion_limit` config key.\nFor troubleshooting, visit: https://docs.langchain.com/oss/python/langgraph/errors/GRAPH_RECURSION_LIMIT"", ""error_type"": ""ERROR_RECURSION"", ""latest_solver_error_log"": ""SOLVER FAILED: INFEASIBLE\nConflict detected in Capacity Constraint for port NLRTM.\nAttempted Allocation: 5115 TEU.\nMaximum Available Capacity: 0 TEU.\nDifference: -5115 TEU.\nConflict detected in Capacity Constraint for port DEHAM.\nAttempted Allocation: 5114 TEU.\nMaximum Available Capacity: 0 TEU.\nDifference: -5114 TEU."", ""solver_status"": ""INFEASIBLE""}"
001,TOTAL_CLOSURE,,INFEASIBLE,0,2.5607,0,"{""allocations"": [{""port_code"": ""BEANR"", ""teu_amount"": 23452}, {""port_code"": ""DEBRV"", ""teu_amount"": 23453}], ""original_destination"": ""NLRTM"", ""total_teu_to_reroute"": 46905}"
002,OPERATIONAL_RESTRICTION,,INFEASIBLE,0,1.2798,0,"{""allocations"": [{""port_code"": ""BEANR"", ""teu_amount"": 7072}, {""port_code"": ""DEBRV"", ""teu_amount"": 7072}], ""original_destination"": ""NLRTM"", ""total_teu_to_reroute"": 14144}"
003,TOTAL_CLOSURE,TOTAL_CLOSURE,INFEASIBLE,0,1.5812,0,"{""allocations"": [{""port_code"": ""DEBRV"", ""teu_amount"": 0}, {""port_code"": ""NLRTM"", ""teu_amount"": 0}, {""port_code"": ""BEANR"", ""teu_amount"": 0}], ""original_destination"": ""DEBRV, NLRTM"", ""total_teu_to_reroute"": 43698}"
004,OPERATIONAL_RESTRICTION,,INFEASIBLE,0,1.1994,0,"{""allocations"": [{""port_code"": ""NLRTM"", ""teu_amount"": 3370}, {""port_code"": ""DEBRV"", ""teu_amount"": 3369}], ""original_destination"": ""BEANR"", ""total_teu_to_reroute"": 6739}"
005,OPERATIONAL_RESTRICTION,TOTAL_CLOSURE,INFEASIBLE,0,1.6531,0,"{""allocations"": [{""port_code"": ""NLRTM"", ""teu_amount"": 0}, {""port_code"": ""BEANR"", ""teu_amount"": 0}, {""port_code"": ""DEBRV"", ""teu_amount"": 0}], ""original_destination"": ""DEBRV"", ""total_teu_to_reroute"": 19446}"
006,TOTAL_CLOSURE,TOTAL_CLOSURE,INFEASIBLE,0,1.2472,0,"{""allocations"": [{""port_code"": ""NLRTM"", ""teu_amount"": 0}, {""port_code"": ""BEANR"", ""teu_amount"": 0}, {""port_code"": ""DEBRV"", ""teu_amount"": 0}], ""original_destination"": ""DEHAM"", ""total_teu_to_reroute"": 27298}"
007,SEVERE_CONGESTION,,INFEASIBLE,0,1.3672,0,"{""allocations"": [{""port_code"": ""NLRTM"", ""teu_amount"": 3779}, {""port_code"": ""BEANR"", ""teu_amount"": 3779}, {""port_code"": ""DEBRV"", ""teu_amount"": 3780}], ""original_destination"": ""DEHAM"", ""total_teu_to_reroute"": 11338}"
008,SEVERE_CONGESTION,OPERATIONAL_RESTRICTION,INFEASIBLE,0,1.1024,0,"{""allocations"": [{""port_code"": ""NLRTM"", ""teu_amount"": 0}, {""port_code"": ""BEANR"", ""teu_amount"": 0}, {""port_code"": ""DEBRV"", ""teu_amount"": 0}], ""original_destination"": ""NLRTM"", ""total_teu_to_reroute"": 35108}"
009,OPERATIONAL_RESTRICTION,TOTAL_CLOSURE,INFEASIBLE,0,1.4170,0,"{""allocations"": [{""port_code"": ""NLRTM"", ""teu_amount"": 28700}], ""original_destination"": ""DEBRV"", ""total_teu_to_reroute"": 28700}"
010,TOTAL_CLOSURE,,INFEASIBLE,0,1.5579,0,"{""allocations"": [{""port_code"": ""NLRTM"", ""teu_amount"": 0}, {""port_code"": ""DEBRV"", ""teu_amount"": 0}], ""original_destination"": ""BEANR"", ""total_teu_to_reroute"": 10229}"
007,SEVERE_CONGESTION,,INFEASIBLE,0,2.5655,0,"{""allocations"": [{""port_code"": ""NLRTM"", ""teu_amount"": 3779}, {""port_code"": ""BEANR"", ""teu_amount"": 3779}, {""port_code"": ""DEBRV"", ""teu_amount"": 3780}], ""original_destination"": ""DEHAM"", ""total_teu_to_reroute"": 11338}"
020,TOTAL_CLOSURE,,INFEASIBLE,0,1.1813,0,"{""allocations"": [{""port_code"": ""NLRTM"", ""teu_amount"": 0}, {""port_code"": ""BEANR"", ""teu_amount"": 0}], ""original_destination"": ""DEBRV"", ""total_teu_to_reroute"": 14065}"
024,TOTAL_CLOSURE,,INFEASIBLE,0,1.5695,0,"{""allocations"": [{""port_code"": ""NLRTM"", ""teu_amount"": 0}, {""port_code"": ""BEANR"", ""teu_amount"": 0}], ""original_destination"": ""DEBRV"", ""total_teu_to_reroute"": 15365}"
031,OPERATIONAL_RESTRICTION,,INFEASIBLE,0,1.3801,0,"{""allocations"": [{""port_code"": ""NLRTM"", ""teu_amount"": 9440}, {""port_code"": ""DEBRV"", ""teu_amount"": 9440}], ""original_destination"": ""BEANR"", ""total_teu_to_reroute"": 18880}"
041,OPERATIONAL_RESTRICTION,OPERATIONAL_RESTRICTION,INFEASIBLE,0,1.2923,0,"{""allocations"": [{""port_code"": ""NLRTM"", ""teu_amount"": 4970}, {""port_code"": ""BEANR"", ""teu_amount"": 4970}], ""original_destination"": ""DEBRV"", ""total_teu_to_reroute"": 9940}"
053,OPERATIONAL_RESTRICTION,TOTAL_CLOSURE,INFEASIBLE,0,1.5248,0,"{""allocations"": [{""port_code"": ""NLRTM"", ""teu_amount"": 0}, {""port_code"": ""BEANR"", ""teu_amount"": 0}, {""port_code"": ""DEBRV"", ""teu_amount"": 0}], ""original_destination"": ""NLRTM"", ""total_teu_to_reroute"": 11552}"
069,OPERATIONAL_RESTRICTION,SEVERE_CONGESTION,INFEASIBLE,0,1.4713,0,"{""allocations"": [{""port_code"": ""BEANR"", ""teu_amount"": 15687}, {""port_code"": ""DEBRV"", ""teu_amount"": 3922}], ""original_destination"": ""NLRTM"", ""total_teu_to_reroute"": 19609}"
084,TOTAL_CLOSURE,OPERATIONAL_RESTRICTION,INFEASIBLE,0,1.5715,0,"{""allocations"": [{""port_code"": ""NLRTM"", ""teu_amount"": 9025}, {""port_code"": ""DEBRV"", ""teu_amount"": 9025}], ""original_destination"": ""BEANR"", ""total_teu_to_reroute"": 18050}"
007,SEVERE_CONGESTION,,FEASIBLE,0,2.7929,0,"{""allocations"": [{""port_code"": ""NLRTM"", ""teu_amount"": 4000}, {""port_code"": ""BEANR"", ""teu_amount"": 4000}, {""port_code"": ""DEBRV"", ""teu_amount"": 3338}], ""original_destination"": ""DEHAM"", ""total_teu_to_reroute"": 11338}"
020,TOTAL_CLOSURE,,FEASIBLE,0,1.3946,0,"{""allocations"": [{""port_code"": ""NLRTM"", ""teu_amount"": 4689}, {""port_code"": ""BEANR"", ""teu_amount"": 4688}, {""port_code"": ""DEHAM"", ""teu_amount"": 4688}], ""original_destination"": ""DEBRV"", ""total_teu_to_reroute"": 14065}"
024,TOTAL_CLOSURE,,FEASIBLE,0,1.2840,0,"{""allocations"": [{""port_code"": ""NLRTM"", ""teu_amount"": 5122}, {""port_code"": ""BEANR"", ""teu_amount"": 5122}, {""port_code"": ""DEHAM"", ""teu_amount"": 5121}], ""original_destination"": ""DEBRV"", ""total_teu_to_reroute"": 15365}"
031,OPERATIONAL_RESTRICTION,,FEASIBLE,0,1.3794,0,"{""allocations"": [{""port_code"": ""NLRTM"", ""teu_amount"": 9440}, {""port_code"": ""DEHAM"", ""teu_amount"": 9440}], ""original_destination"": ""BEANR"", ""total_teu_to_reroute"": 18880}"
041,OPERATIONAL_RESTRICTION,OPERATIONAL_RESTRICTION,FEASIBLE,0,1.2661,0,"{""allocations"": [{""port_code"": ""NLRTM"", ""teu_amount"": 4970}, {""port_code"": ""BEANR"", ""teu_amount"": 4970}], ""original_destination"": ""DEBRV/DEHAM"", ""total_teu_to_reroute"": 9940}"
053,OPERATIONAL_RESTRICTION,TOTAL_CLOSURE,FEASIBLE,0,1.3010,0,"{""allocations"": [{""port_code"": ""BEANR"", ""teu_amount"": 7552}, {""port_code"": ""DEBRV"", ""teu_amount"": 4000}], ""original_destination"": ""NLRTM"", ""total_teu_to_reroute"": 11552}"
069,OPERATIONAL_RESTRICTION,SEVERE_CONGESTION,FEASIBLE,0,2.7179,0,"{""allocations"": [{""port_code"": ""BEANR"", ""teu_amount"": 16575}, {""port_code"": ""DEHAM"", ""teu_amount"": 3000}, {""port_code"": ""DEBRV"", ""teu_amount"": 34}], ""original_destination"": ""NLRTM"", ""total_teu_to_reroute"": 19609}"
084,TOTAL_CLOSURE,OPERATIONAL_RESTRICTION,FEASIBLE,0,1.3077,0,"{""allocations"": [{""port_code"": ""NLRTM"", ""teu_amount"": 10550}, {""port_code"": ""DEHAM"", ""teu_amount"": 7500}], ""original_destination"": ""BEANR"", ""total_teu_to_reroute"": 18050}"
038,OPERATIONAL_RESTRICTION,OPERATIONAL_RESTRICTION,FEASIBLE,0,2.6974,0,"{""allocations"": [{""port_code"": ""NLRTM"", ""teu_amount"": 8533}, {""port_code"": ""BEANR"", ""teu_amount"": 8533}, {""port_code"": ""DEHAM"", ""teu_amount"": 7437}, {""port_code"": ""DEBRV"", ""teu_amount"": 7438}], ""original_destination"": ""DEBRV/DEHAM"", ""total_teu_to_reroute"": 31941}"
039,TOTAL_CLOSURE,OPERATIONAL_RESTRICTION,FEASIBLE,0,1.4907,0,"{""allocations"": [{""port_code"": ""NLRTM"", ""teu_amount"": 7500}, {""port_code"": ""BEANR"", ""teu_amount"": 11943}, {""port_code"": ""DEBRV"", ""teu_amount"": 11943}], ""original_destination"": ""DEHAM"", ""total_teu_to_reroute"": 31386}"
096,TOTAL_CLOSURE,,FEASIBLE,0,1.4896,0,"{""allocations"": [{""port_code"": ""BEANR"", ""teu_amount"": 10750}, {""port_code"": ""DEHAM"", ""teu_amount"": 10749}, {""port_code"": ""DEBRV"", ""teu_amount"": 10749}], ""original_destination"": ""NLRTM"", ""total_teu_to_reroute"": 32248}"
083,TOTAL_CLOSURE,,FEASIBLE,0,1.3407,0,"{""allocations"": [{""port_code"": ""BEANR"", ""teu_amount"": 8989}, {""port_code"": ""DEHAM"", ""teu_amount"": 8989}, {""port_code"": ""DEBRV"", ""teu_amount"": 8988}], ""original_destination"": ""NLRTM"", ""total_teu_to_reroute"": 26966}"
065,TOTAL_CLOSURE,,FEASIBLE,0,1.2424,0,"{""allocations"": [{""port_code"": ""NLRTM"", ""teu_amount"": 6838}, {""port_code"": ""DEHAM"", ""teu_amount"": 6838}, {""port_code"": ""DEBRV"", ""teu_amount"": 6838}], ""original_destination"": ""BEANR"", ""total_teu_to_reroute"": 20514}"
026,TOTAL_CLOSURE,,FEASIBLE,0,1.4316,0,"{""allocations"": [{""port_code"": ""NLRTM"", ""teu_amount"": 8186}, {""port_code"": ""DEHAM"", ""teu_amount"": 8186}, {""port_code"": ""DEBRV"", ""teu_amount"": 8186}], ""original_destination"": ""BEANR"", ""total_teu_to_reroute"": 24558}"
036,OPERATIONAL_RESTRICTION,OPERATIONAL_RESTRICTION,FEASIBLE,0,2.4010,0,"{""allocations"": [{""port_code"": ""NLRTM"", ""teu_amount"": 12463}, {""port_code"": ""BEANR"", ""teu_amount"": 7500}, {""port_code"": ""DEHAM"", ""teu_amount"": 12463}, {""port_code"": ""DEBRV"", ""teu_amount"": 4386}], ""original_destination"": ""BEANR"", ""total_teu_to_reroute"": 36812}"
008,SEVERE_CONGESTION,OPERATIONAL_RESTRICTION,FEASIBLE,0,1.7870,0,"{""allocations"": [{""port_code"": ""NLRTM"", ""teu_amount"": 3000}, {""port_code"": ""BEANR"", ""teu_amount"": 13995}, {""port_code"": ""DEHAM"", ""teu_amount"": 4118}, {""port_code"": ""DEBRV"", ""teu_amount"": 13995}], ""original_destination"": ""NLRTM"", ""total_teu_to_reroute"": 35108}"
