run_id,total_teu,primary_port,primary_event,secondary_port,secondary_event,capacity_multiplier,alert_text
001,46905,NLRTM,TOTAL_CLOSURE,,,0.6714,46905 TEU must be rerouted. NLRTM is completely inaccessible due to a 48-hour labor strike. All operations suspended immediately.
002,14144,NLRTM,OPERATIONAL_RESTRICTION,,,0.8818,14144 TEU must be rerouted. NLRTM maintenance alert: Two STS cranes are offline for emergency repair. Berth capacity reduced by 50% for the next 72 hours.
003,43698,DEBRV,TOTAL_CLOSURE,NLRTM,TOTAL_CLOSURE,0.8537,43698 TEU must be rerouted. DEBRV is completely inaccessible due to a 48-hour labor strike. All operations suspended immediately. NLRTM is completely inaccessible due to a 48-hour labor strike. All operations suspended immediately.
004,6739,BEANR,OPERATIONAL_RESTRICTION,,,0.8815,6739 TEU must be rerouted. BEANR maintenance alert: Two STS cranes are offline for emergency repair. Berth capacity reduced by 50% for the next 72 hours.
005,19446,DEBRV,OPERATIONAL_RESTRICTION,NLRTM,TOTAL_CLOSURE,0.9887,19446 TEU must be rerouted. DEBRV maintenance alert: Two STS cranes are offline for emergency repair. Berth capacity reduced by 50% for the next 72 hours. NLRTM is completely inaccessible due to a 48-hour labor strike. All operations suspended immediately.
006,27298,DEHAM,TOTAL_CLOSURE,BEANR,TOTAL_CLOSURE,0.5649,27298 TEU must be rerouted. DEHAM is completely inaccessible due to a 48-hour labor strike. All operations suspended immediately. BEANR is completely inaccessible due to a 48-hour labor strike. All operations suspended immediately.
007,11338,DEHAM,SEVERE_CONGESTION,,,1.065,11338 TEU must be rerouted. DEHAM reports 92% yard utilization. Severe congestion at terminal gates. Recommended throughput capped at 20% to prevent total gridlock.
008,35108,NLRTM,SEVERE_CONGESTION,DEHAM,OPERATIONAL_RESTRICTION,0.933,35108 TEU must be rerouted. NLRTM reports 92% yard utilization. Severe congestion at terminal gates. Recommended throughput capped at 20% to prevent total gridlock. DEHAM maintenance alert: Two STS cranes are offline for emergency repair. Berth capacity reduced by 50% for the next 72 hours.
009,28700,BEANR,OPERATIONAL_RESTRICTION,DEBRV,TOTAL_CLOSURE,1.0411,28700 TEU must be rerouted. BEANR maintenance alert: Two STS cranes are offline for emergency repair. Berth capacity reduced by 50% for the next 72 hours. DEBRV is completely inaccessible due to a 48-hour labor strike. All operations suspended immediately.
010,10229,BEANR,TOTAL_CLOSURE,,,0.8174,10229 TEU must be rerouted. BEANR is completely inaccessible due to a 48-hour labor strike. All operations suspended immediately.
011,28909,BEANR,SEVERE_CONGESTION,,,0.9691,28909 TEU must be rerouted. BEANR reports 92% yard utilization. Severe congestion at terminal gates. Recommended throughput capped at 20% to prevent total gridlock.
012,49796,NLRTM,OPERATIONAL_RESTRICTION,,,0.8739,49796 TEU must be rerouted. NLRTM maintenance alert: Two STS cranes are offline for emergency repair. Berth capacity reduced by 50% for the next 72 hours.
013,21043,BEANR,SEVERE_CONGESTION,,,1.1927,21043 TEU must be rerouted. BEANR reports 92% yard utilization. Severe congestion at terminal gates. Recommended throughput capped at 20% to prevent total gridlock.
014,46943,BEANR,OPERATIONAL_RESTRICTION,,,1.0378,46943 TEU must be rerouted. BEANR maintenance alert: Two STS cranes are offline for emergency repair. Berth capacity reduced by 50% for the next 72 hours.
015,8665,BEANR,TOTAL_CLOSURE,,,0.7808,8665 TEU must be rerouted. BEANR is completely inaccessible due to a 48-hour labor strike. All operations suspended immediately.
016,9337,BEANR,OPERATIONAL_RESTRICTION,,,0.7203,9337 TEU must be rerouted. BEANR maintenance alert: Two STS cranes are offline for emergency repair. Berth capacity reduced by 50% for the next 72 hours.
017,47954,DEBRV,SEVERE_CONGESTION,,,0.95,47954 TEU must be rerouted. DEBRV reports 92% yard utilization. Severe congestion at terminal gates. Recommended throughput capped at 20% to prevent total gridlock.
018,14363,DEHAM,TOTAL_CLOSURE,DEBRV,OPERATIONAL_RESTRICTION,0.6839,14363 TEU must be rerouted. DEHAM is completely inaccessible due to a 48-hour labor strike. All operations suspended immediately. DEBRV maintenance alert: Two STS cranes are offline for emergency repair. Berth capacity reduced by 50% for the next 72 hours.
019,43311,DEBRV,OPERATIONAL_RESTRICTION,,,0.6535,43311 TEU must be rerouted. DEBRV maintenance alert: Two STS cranes are offline for emergency repair. Berth capacity reduced by 50% for the next 72 hours.
020,14065,DEBRV,TOTAL_CLOSURE,,,1.1028,14065 TEU must be rerouted. DEBRV is completely inaccessible due to a 48-hour labor strike. All operations suspended immediately.
021,15016,BEANR,OPERATIONAL_RESTRICTION,,,0.5445,15016 TEU must be rerouted. BEANR maintenance alert: Two STS cranes are offline for emergency repair. Berth capacity reduced by 50% for the next 72 hours.
022,30009,DEBRV,OPERATIONAL_RESTRICTION,DEHAM,TOTAL_CLOSURE,0.9762,30009 TEU must be rerouted. DEBRV maintenance alert: Two STS cranes are offline for emergency repair. Berth capacity reduced by 50% for the next 72 hours. DEHAM is completely inaccessible due to a 48-hour labor strike. All operations suspended immediately.
023,12507,DEHAM,OPERATIONAL_RESTRICTION,,,0.7055,12507 TEU must be rerouted. DEHAM maintenance alert: Two STS cranes are offline for emergency repair. Berth capacity reduced by 50% for the next 72 hours.
024,15365,DEBRV,TOTAL_CLOSURE,,,1.1131,15365 TEU must be rerouted. DEBRV is completely inaccessible due to a 48-hour labor strike. All operations suspended immediately.
025,22261,BEANR,OPERATIONAL_RESTRICTION,,,1.1094,22261 TEU must be rerouted. BEANR maintenance alert: Two STS cranes are offline for emergency repair. Berth capacity reduced by 50% for the next 72 hours.
026,24558,BEANR,TOTAL_CLOSURE,,,0.6131,24558 TEU must be rerouted. BEANR is completely inaccessible due to a 48-hour labor strike. All operations suspended immediately.
027,39757,NLRTM,OPERATIONAL_RESTRICTION,,,0.5136,39757 TEU must be rerouted. NLRTM maintenance alert: Two STS cranes are offline for emergency repair. Berth capacity reduced by 50% for the next 72 hours.
028,28788,DEHAM,TOTAL_CLOSURE,DEBRV,TOTAL_CLOSURE,0.56,28788 TEU must be rerouted. DEHAM is completely inaccessible due to a 48-hour labor strike. All operations suspended immediately. DEBRV is completely inaccessible due to a 48-hour labor strike. All operations suspended immediately.
029,36849,NLRTM,OPERATIONAL_RESTRICTION,,,0.5899,36849 TEU must be rerouted. NLRTM maintenance alert: Two STS cranes are offline for emergency repair. Berth capacity reduced by 50% for the next 72 hours.
030,36148,BEANR,SEVERE_CONGESTION,,,0.9246,36148 TEU must be rerouted. BEANR reports 92% yard utilization. Severe congestion at terminal gates. Recommended throughput capped at 20% to prevent total gridlock.
031,18880,BEANR,OPERATIONAL_RESTRICTION,,,1.1966,18880 TEU must be rerouted. BEANR maintenance alert: Two STS cranes are offline for emergency repair. Berth capacity reduced by 50% for the next 72 hours.
032,47590,DEHAM,SEVERE_CONGESTION,,,0.816,47590 TEU must be rerouted. DEHAM reports 92% yard utilization. Severe congestion at terminal gates. Recommended throughput capped at 20% to prevent total gridlock.
033,21246,BEANR,TOTAL_CLOSURE,,,0.9118,21246 TEU must be rerouted. BEANR is completely inaccessible due to a 48-hour labor strike. All operations suspended immediately.
034,20080,BEANR,TOTAL_CLOSURE,DEBRV,TOTAL_CLOSURE,0.6603,20080 TEU must be rerouted. BEANR is completely inaccessible due to a 48-hour labor strike. All operations suspended immediately. DEBRV is completely inaccessible due to a 48-hour labor strike. All operations suspended immediately.
035,7058,DEHAM,TOTAL_CLOSURE,,,0.6949,7058 TEU must be rerouted. DEHAM is completely inaccessible due to a 48-hour labor strike. All operations suspended immediately.
036,36812,BEANR,OPERATIONAL_RESTRICTION,DEBRV,OPERATIONAL_RESTRICTION,0.8309,36812 TEU must be rerouted. BEANR maintenance alert: Two STS cranes are offline for emergency repair. Berth capacity reduced by 50% for the next 72 hours. DEBRV maintenance alert: Two STS cranes are offline for emergency repair. Berth capacity reduced by 50% for the next 72 hours.
037,35996,DEBRV,TOTAL_CLOSURE,DEHAM,SEVERE_CONGESTION,0.748,35996 TEU must be rerouted. DEBRV is completely inaccessible due to a 48-hour labor strike. All operations suspended immediately. DEHAM reports 92% yard utilization. Severe congestion at terminal gates. Recommended throughput capped at 20% to prevent total gridlock.
038,31941,DEBRV,OPERATIONAL_RESTRICTION,DEHAM,OPERATIONAL_RESTRICTION,0.5689,31941 TEU must be rerouted. DEBRV maintenance alert: Two STS cranes are offline for emergency repair. Berth capacity reduced by 50% for the next 72 hours. DEHAM maintenance alert: Two STS cranes are offline for emergency repair. Berth capacity reduced by 50% for the next 72 hours.
039,31386,DEHAM,TOTAL_CLOSURE,NLRTM,OPERATIONAL_RESTRICTION,0.814,31386 TEU must be rerouted. DEHAM is completely inaccessible due to a 48-hour labor strike. All operations suspended immediately. NLRTM maintenance alert: Two STS cranes are offline for emergency repair. Berth capacity reduced by 50% for the next 72 hours.
040,32648,BEANR,SEVERE_CONGESTION,,,1.1121,32648 TEU must be rerouted. BEANR reports 92% yard utilization. Severe congestion at terminal gates. Recommended throughput capped at 20% to prevent total gridlock.
041,9940,DEBRV,OPERATIONAL_RESTRICTION,DEHAM,OPERATIONAL_RESTRICTION,1.0852,9940 TEU must be rerouted. DEBRV maintenance alert: Two STS cranes are offline for emergency repair. Berth capacity reduced by 50% for the next 72 hours. DEHAM maintenance alert: Two STS cranes are offline for emergency repair. Berth capacity reduced by 50% for the next 72 hours.
042,11112,BEANR,TOTAL_CLOSURE,,,0.837,11112 TEU must be rerouted. BEANR is completely inaccessible due to a 48-hour labor strike. All operations suspended immediately.
043,31282,NLRTM,TOTAL_CLOSURE,,,1.1897,31282 TEU must be rerouted. NLRTM is completely inaccessible due to a 48-hour labor strike. All operations suspended immediately.
044,22380,DEBRV,SEVERE_CONGESTION,,,1.1701,22380 TEU must be rerouted. DEBRV reports 92% yard utilization. Severe congestion at terminal gates. Recommended throughput capped at 20% to prevent total gridlock.
045,41422,DEBRV,TOTAL_CLOSURE,NLRTM,TOTAL_CLOSURE,0.9054,41422 TEU must be rerouted. DEBRV is completely inaccessible due to a 48-hour labor strike. All operations suspended immediately. NLRTM is completely inaccessible due to a 48-hour labor strike. All operations suspended immediately.
046,40533,NLRTM,OPERATIONAL_RESTRICTION,,,0.5351,40533 TEU must be rerouted. NLRTM maintenance alert: Two STS cranes are offline for emergency repair. Berth capacity reduced by 50% for the next 72 hours.
047,36246,BEANR,TOTAL_CLOSURE,,,0.5561,36246 TEU must be rerouted. BEANR is completely inaccessible due to a 48-hour labor strike. All operations suspended immediately.
048,17178,NLRTM,OPERATIONAL_RESTRICTION,BEANR,SEVERE_CONGESTION,0.5839,17178 TEU must be rerouted. NLRTM maintenance alert: Two STS cranes are offline for emergency repair. Berth capacity reduced by 50% for the next 72 hours. BEANR reports 92% yard utilization. Severe congestion at terminal gates. Recommended throughput capped at 20% to prevent total gridlock.
049,42334,BEANR,OPERATIONAL_RESTRICTION,,,0.9336,42334 TEU must be rerouted. BEANR maintenance alert: Two STS cranes are offline for emergency repair. Berth capacity reduced by 50% for the next 72 hours.
050,32474,DEHAM,SEVERE_CONGESTION,DEBRV,SEVERE_CONGESTION,0.6671,32474 TEU must be rerouted. DEHAM reports 92% yard utilization. Severe congestion at terminal gates. Recommended throughput capped at 20% to prevent total gridlock. DEBRV reports 92% yard utilization. Severe congestion at terminal gates. Recommended throughput capped at 20% to prevent total gridlock.
051,30938,BEANR,OPERATIONAL_RESTRICTION,,,0.8201,30938 TEU must be rerouted. BEANR maintenance alert: Two STS cranes are offline for emergency repair. Berth capacity reduced by 50% for the next 72 hours.
052,9754,NLRTM,SEVERE_CONGESTION,,,0.8941,9754 TEU must be rerouted. NLRTM reports 92% yard utilization. Severe congestion at terminal gates. Recommended throughput capped at 20% to prevent total gridlock.
053,11552,NLRTM,OPERATIONAL_RESTRICTION,DEHAM,TOTAL_CLOSURE,1.1533,11552 TEU must be rerouted. NLRTM maintenance alert: Two STS cranes are offline for emergency repair. Berth capacity reduced by 50% for the next 72 hours. DEHAM is completely inaccessible due to a 48-hour labor strike. All operations suspended immediately.
054,9508,BEANR,SEVERE_CONGESTION,DEHAM,OPERATIONAL_RESTRICTION,0.9925,9508 TEU must be rerouted. BEANR reports 92% yard utilization. Severe congestion at terminal gates. Recommended throughput capped at 20% to prevent total gridlock. DEHAM maintenance alert: Two STS cranes are offline for emergency repair. Berth capacity reduced by 50% for the next 72 hours.
055,45086,NLRTM,OPERATIONAL_RESTRICTION,,,0.7096,45086 TEU must be rerouted. NLRTM maintenance alert: Two STS cranes are offline for emergency repair. Berth capacity reduced by 50% for the next 72 hours.
056,48475,NLRTM,TOTAL_CLOSURE,BEANR,OPERATIONAL_RESTRICTION,0.8873,48475 TEU must be rerouted. NLRTM is completely inaccessible due to a 48-hour labor strike. All operations suspended immediately. BEANR maintenance alert: Two STS cranes are offline for emergency repair. Berth capacity reduced by 50% for the next 72 hours.
057,22848,DEHAM,OPERATIONAL_RESTRICTION,BEANR,TOTAL_CLOSURE,0.9812,22848 TEU must be rerouted. DEHAM maintenance alert: Two STS cranes are offline for emergency repair. Berth capacity reduced by 50% for the next 72 hours. BEANR is completely inaccessible due to a 48-hour labor strike. All operations suspended immediately.
058,22300,DEBRV,SEVERE_CONGESTION,,,1.0923,22300 TEU must be rerouted. DEBRV reports 92% yard utilization. Severe congestion at terminal gates. Recommended throughput capped at 20% to prevent total gridlock.
059,11048,DEBRV,SEVERE_CONGESTION,BEANR,TOTAL_CLOSURE,0.946,11048 TEU must be rerouted. DEBRV reports 92% yard utilization. Severe congestion at terminal gates. Recommended throughput capped at 20% to prevent total gridlock. BEANR is completely inaccessible due to a 48-hour labor strike. All operations suspended immediately.
060,22167,BEANR,OPERATIONAL_RESTRICTION,,,0.994,22167 TEU must be rerouted. BEANR maintenance alert: Two STS cranes are offline for emergency repair. Berth capacity reduced by 50% for the next 72 hours.
061,41759,NLRTM,TOTAL_CLOSURE,DEBRV,TOTAL_CLOSURE,0.8819,41759 TEU must be rerouted. NLRTM is completely inaccessible due to a 48-hour labor strike. All operations suspended immediately. DEBRV is completely inaccessible due to a 48-hour labor strike. All operations suspended immediately.
062,29196,BEANR,SEVERE_CONGESTION,DEHAM,SEVERE_CONGESTION,1.1293,29196 TEU must be rerouted. BEANR reports 92% yard utilization. Severe congestion at terminal gates. Recommended throughput capped at 20% to prevent total gridlock. DEHAM reports 92% yard utilization. Severe congestion at terminal gates. Recommended throughput capped at 20% to prevent total gridlock.
063,7614,DEHAM,TOTAL_CLOSURE,,,0.9669,7614 TEU must be rerouted. DEHAM is completely inaccessible due to a 48-hour labor strike. All operations suspended immediately.
064,28178,DEBRV,OPERATIONAL_RESTRICTION,,,1.148,28178 TEU must be rerouted. DEBRV maintenance alert: Two STS cranes are offline for emergency repair. Berth capacity reduced by 50% for the next 72 hours.
065,20514,BEANR,TOTAL_CLOSURE,,,0.5174,20514 TEU must be rerouted. BEANR is completely inaccessible due to a 48-hour labor strike. All operations suspended immediately.
066,26770,DEBRV,OPERATIONAL_RESTRICTION,,,1.0675,26770 TEU must be rerouted. DEBRV maintenance alert: Two STS cranes are offline for emergency repair. Berth capacity reduced by 50% for the next 72 hours.
067,22485,BEANR,OPERATIONAL_RESTRICTION,NLRTM,SEVERE_CONGESTION,0.6557,22485 TEU must be rerouted. BEANR maintenance alert: Two STS cranes are offline for emergency repair. Berth capacity reduced by 50% for the next 72 hours. NLRTM reports 92% yard utilization. Severe congestion at terminal gates. Recommended throughput capped at 20% to prevent total gridlock.
068,35166,DEHAM,SEVERE_CONGESTION,,,1.1099,35166 TEU must be rerouted. DEHAM reports 92% yard utilization. Severe congestion at terminal gates. Recommended throughput capped at 20% to prevent total gridlock.
069,19609,NLRTM,OPERATIONAL_RESTRICTION,DEHAM,SEVERE_CONGESTION,1.105,19609 TEU must be rerouted. NLRTM maintenance alert: Two STS cranes are offline for emergency repair. Berth capacity reduced by 50% for the next 72 hours. DEHAM reports 92% yard utilization. Severe congestion at terminal gates. Recommended throughput capped at 20% to prevent total gridlock.
070,23292,DEHAM,OPERATIONAL_RESTRICTION,,,0.9757,23292 TEU must be rerouted. DEHAM maintenance alert: Two STS cranes are offline for emergency repair. Berth capacity reduced by 50% for the next 72 hours.
071,40141,DEHAM,TOTAL_CLOSURE,BEANR,TOTAL_CLOSURE,0.9064,40141 TEU must be rerouted. DEHAM is completely inaccessible due to a 48-hour labor strike. All operations suspended immediately. BEANR is completely inaccessible due to a 48-hour labor strike. All operations suspended immediately.
072,22397,NLRTM,TOTAL_CLOSURE,,,0.742,22397 TEU must be rerouted. NLRTM is completely inaccessible due to a 48-hour labor strike. All operations suspended immediately.
073,25557,DEBRV,OPERATIONAL_RESTRICTION,,,0.581,25557 TEU must be rerouted. DEBRV maintenance alert: Two STS cranes are offline for emergency repair. Berth capacity reduced by 50% for the next 72 hours.
074,42787,BEANR,SEVERE_CONGESTION,DEHAM,TOTAL_CLOSURE,0.8639,42787 TEU must be rerouted. BEANR reports 92% yard utilization. Severe congestion at terminal gates. Recommended throughput capped at 20% to prevent total gridlock. DEHAM is completely inaccessible due to a 48-hour labor strike. All operations suspended immediately.
075,40287,BEANR,SEVERE_CONGESTION,,,1.1642,40287 TEU must be rerouted. BEANR reports 92% yard utilization. Severe congestion at terminal gates. Recommended throughput capped at 20% to prevent total gridlock.
076,26639,DEHAM,OPERATIONAL_RESTRICTION,,,1.0038,26639 TEU must be rerouted. DEHAM maintenance alert: Two STS cranes are offline for emergency repair. Berth capacity reduced by 50% for the next 72 hours.
077,24681,DEHAM,OPERATIONAL_RESTRICTION,,,0.7817,24681 TEU must be rerouted. DEHAM maintenance alert: Two STS cranes are offline for emergency repair. Berth capacity reduced by 50% for the next 72 hours.
078,24376,BEANR,TOTAL_CLOSURE,,,1.1583,24376 TEU must be rerouted. BEANR is completely inaccessible due to a 48-hour labor strike. All operations suspended immediately.
079,49388,BEANR,OPERATIONAL_RESTRICTION,,,0.7843,49388 TEU must be rerouted. BEANR maintenance alert: Two STS cranes are offline for emergency repair. Berth capacity reduced by 50% for the next 72 hours.
080,5026,DEHAM,SEVERE_CONGESTION,DEBRV,OPERATIONAL_RESTRICTION,0.9583,5026 TEU must be rerouted. DEHAM reports 92% yard utilization. Severe congestion at terminal gates. Recommended throughput capped at 20% to prevent total gridlock. DEBRV maintenance alert: Two STS cranes are offline for emergency repair. Berth capacity reduced by 50% for the next 72 hours.
081,35473,DEBRV,SEVERE_CONGESTION,,,0.8578,35473 TEU must be rerouted. DEBRV reports 92% yard utilization. Severe congestion at terminal gates. Recommended throughput capped at 20% to prevent total gridlock.
082,16120,NLRTM,SEVERE_CONGESTION,,,0.9431,16120 TEU must be rerouted. NLRTM reports 92% yard utilization. Severe congestion at terminal gates. Recommended throughput capped at 20% to prevent total gridlock.
083,26966,NLRTM,TOTAL_CLOSURE,,,0.6572,26966 TEU must be rerouted. NLRTM is completely inaccessible due to a 48-hour labor strike. All operations suspended immediately.
084,18050,BEANR,TOTAL_CLOSURE,DEHAM,OPERATIONAL_RESTRICTION,1.0948,18050 TEU must be rerouted. BEANR is completely inaccessible due to a 48-hour labor strike. All operations suspended immediately. DEHAM maintenance alert: Two STS cranes are offline for emergency repair. Berth capacity reduced by 50% for the next 72 hours.
085,9772,DEBRV,SEVERE_CONGESTION,,,0.903,9772 TEU must be rerouted. DEBRV reports 92% yard utilization. Severe congestion at terminal gates. Recommended throughput capped at 20% to prevent total gridlock.
086,30164,DEBRV,SEVERE_CONGESTION,DEHAM,OPERATIONAL_RESTRICTION,0.5039,30164 TEU must be rerouted. DEBRV reports 92% yard utilization. Severe congestion at terminal gates. Recommended throughput capped at 20% to prevent total gridlock. DEHAM maintenance alert: Two STS cranes are offline for emergency repair. Berth capacity reduced by 50% for the next 72 hours.
087,11985,DEBRV,TOTAL_CLOSURE,DEHAM,OPERATIONAL_RESTRICTION,0.8252,11985 TEU must be rerouted. DEBRV is completely inaccessible due to a 48-hour labor strike. All operations suspended immediately. DEHAM maintenance alert: Two STS cranes are offline for emergency repair. Berth capacity reduced by 50% for the next 72 hours.
088,41530,BEANR,TOTAL_CLOSURE,,,1.061,41530 TEU must be rerouted. BEANR is completely inaccessible due to a 48-hour labor strike. All operations suspended immediately.
089,48750,DEHAM,SEVERE_CONGESTION,,,1.0035,48750 TEU must be rerouted. DEHAM reports 92% yard utilization. Severe congestion at terminal gates. Recommended throughput capped at 20% to prevent total gridlock.
090,38081,DEBRV,OPERATIONAL_RESTRICTION,,,0.6114,38081 TEU must be rerouted. DEBRV maintenance alert: Two STS cranes are offline for emergency repair. Berth capacity reduced by 50% for the next 72 hours.
091,36108,DEBRV,SEVERE_CONGESTION,,,1.0879,36108 TEU must be rerouted. DEBRV reports 92% yard utilization. Severe congestion at terminal gates. Recommended throughput capped at 20% to prevent total gridlock.
092,23173,DEBRV,OPERATIONAL_RESTRICTION,BEANR,TOTAL_CLOSURE,0.9995,23173 TEU must be rerouted. DEBRV maintenance alert: Two STS cranes are offline for emergency repair. Berth capacity reduced by 50% for the next 72 hours. BEANR is completely inaccessible due to a 48-hour labor strike. All operations suspended immediately.
093,20367,DEHAM,SEVERE_CONGESTION,,,0.8781,20367 TEU must be rerouted. DEHAM reports 92% yard utilization. Severe congestion at terminal gates. Recommended throughput capped at 20% to prevent total gridlock.
094,14068,BEANR,TOTAL_CLOSURE,,,0.607,14068 TEU must be rerouted. BEANR is completely inaccessible due to a 48-hour labor strike. All operations suspended immediately.
095,19021,NLRTM,SEVERE_CONGESTION,,,0.8798,19021 TEU must be rerouted. NLRTM reports 92% yard utilization. Severe congestion at terminal gates. Recommended throughput capped at 20% to prevent total gridlock.
096,32248,NLRTM,TOTAL_CLOSURE,,,0.7726,32248 TEU must be rerouted. NLRTM is completely inaccessible due to a 48-hour labor strike. All operations suspended immediately.
097,43278,NLRTM,OPERATIONAL_RESTRICTION,,,0.5041,43278 TEU must be rerouted. NLRTM maintenance alert: Two STS cranes are offline for emergency repair. Berth capacity reduced by 50% for the next 72 hours.
098,28052,DEHAM,SEVERE_CONGESTION,,,1.1674,28052 TEU must be rerouted. DEHAM reports 92% yard utilization. Severe congestion at terminal gates. Recommended throughput capped at 20% to prevent total gridlock.
099,32460,BEANR,SEVERE_CONGESTION,DEHAM,SEVERE_CONGESTION,0.5203,32460 TEU must be rerouted. BEANR reports 92% yard utilization. Severe congestion at terminal gates. Recommended throughput capped at 20% to prevent total gridlock. DEHAM reports 92% yard utilization. Severe congestion at terminal gates. Recommended throughput capped at 20% to prevent total gridlock.
100,27028,DEBRV,OPERATIONAL_RESTRICTION,BEANR,TOTAL_CLOSURE,1.1865,27028 TEU must be rerouted. DEBRV maintenance alert: Two STS cranes are offline for emergency repair. Berth capacity reduced by 50% for the next 72 hours. BEANR is completely inaccessible due to a 48-hour labor strike. All operations suspended immediately.
